name,surface,year,num_wins,num_losses,num_upsets,num_was_upset,sets_won,sets_lost,avg_sets_lost
albot r.,Clay,2021,1,5,0,1,4,12,1
albot r.,Clay,2023,1,3,0,0,3,8,1
albot r.,Grass,2022,1,4,1,0,4,9,0
albot r.,Hard,2021,5,8,2,2,15,21,0.6
albot r.,Hard,2022,8,6,1,1,21,16,0.375
albot r.,Hard,2023,4,5,1,1,9,11,0.25
alcaraz c.,Clay,2021,8,5,5,1,20,14,0.375
alcaraz c.,Clay,2022,26,4,6,3,59,21,0.4615384615384615
alcaraz c.,Clay,2023,25,3,0,3,57,13,0.24
alcaraz c.,Grass,2021,1,1,0,0,3,5,2
alcaraz c.,Grass,2022,3,1,0,1,10,5,0.6666666666666667
alcaraz c.,Grass,2023,5,0,0,0,10,1,0.2
alcaraz c.,Hard,2021,17,10,10,3,42,31,0.588235294117647
alcaraz c.,Hard,2022,25,6,5,4,63,22,0.36
alcaraz c.,Hard,2023,9,1,0,1,19,2,0
altmaier d.,Clay,2021,5,6,5,0,14,15,0.6
altmaier d.,Clay,2022,1,6,0,4,5,14,1
altmaier d.,Clay,2023,6,5,2,1,17,14,0.5
altmaier d.,Grass,2022,2,4,2,2,4,10,0.5
altmaier d.,Hard,2021,1,1,1,0,2,2,0
altmaier d.,Hard,2022,2,11,0,6,9,25,0.5
altmaier d.,Hard,2023,1,5,0,0,5,11,0
arnaldi m.,Clay,2023,5,4,4,0,13,12,0.6
auger-aliassime f.,Clay,2021,4,6,2,5,10,15,0.5
auger-aliassime f.,Clay,2022,11,7,0,4,29,20,0.45454545454545453
auger-aliassime f.,Clay,2023,1,3,0,3,4,7,0
auger-aliassime f.,Grass,2021,9,3,3,2,23,11,0.4444444444444445
auger-aliassime f.,Grass,2022,4,4,0,4,11,10,0.25
auger-aliassime f.,Hard,2021,22,13,2,9,56,37,0.40909090909090906
auger-aliassime f.,Hard,2022,36,12,4,8,82,38,0.33333333333333337
auger-aliassime f.,Hard,2023,12,7,0,5,28,22,0.5833333333333333
baez s.,Clay,2021,1,1,1,1,2,2,0
baez s.,Clay,2022,20,12,6,6,48,35,0.5
baez s.,Clay,2023,14,10,0,7,33,25,0.2857142857142857
baez s.,Grass,2022,2,2,0,2,6,5,0
baez s.,Grass,2023,1,1,0,0,2,2,0
baez s.,Hard,2022,3,11,1,6,8,26,1
baez s.,Hard,2023,1,5,0,4,3,11,0
barrere g.,Clay,2022,1,2,1,0,4,7,2
barrere g.,Clay,2023,5,5,2,1,14,13,0.4
barrere g.,Grass,2023,4,3,3,0,9,8,0.5
barrere g.,Hard,2021,1,3,1,0,3,6,0
barrere g.,Hard,2022,1,1,1,0,2,2,0
barrere g.,Hard,2023,7,7,5,2,16,18,0.42857142857142855
bautista agut r.,Clay,2021,7,7,0,5,19,16,0.14285714285714288
bautista agut r.,Clay,2022,5,3,0,3,12,7,0.2
bautista agut r.,Clay,2023,4,6,0,3,12,15,0.5
bautista agut r.,Grass,2021,4,3,0,3,11,10,0.75
bautista agut r.,Grass,2022,5,2,1,0,12,5,0.2
bautista agut r.,Grass,2023,3,1,1,0,6,2,0
bautista agut r.,Hard,2021,16,13,4,12,44,33,0.3125
bautista agut r.,Hard,2022,18,13,1,11,44,32,0.2222222222222222
bautista agut r.,Hard,2023,8,8,1,7,23,24,0.875
berrettini m.,Clay,2021,13,4,0,1,31,14,0.38461538461538464
berrettini m.,Clay,2022,4,2,0,1,10,6,0.5
berrettini m.,Clay,2023,2,0,0,0,4,1,0.5
berrettini m.,Grass,2021,11,1,0,0,29,7,0.36363636363636365
berrettini m.,Grass,2022,9,0,0,0,18,4,0.4444444444444444
berrettini m.,Hard,2021,13,5,0,4,35,18,0.5384615384615385
berrettini m.,Hard,2022,14,7,0,5,41,28,0.8571428571428571
berrettini m.,Hard,2023,1,3,0,3,5,7,0
bonzi b.,Clay,2022,1,3,0,0,2,7,0
bonzi b.,Clay,2023,2,1,1,1,4,2,0
bonzi b.,Grass,2021,1,1,0,0,4,5,2
bonzi b.,Grass,2022,7,4,1,0,17,10,0.14285714285714288
bonzi b.,Hard,2021,1,3,1,1,5,6,0
bonzi b.,Hard,2022,11,14,3,3,31,33,0.27272727272727276
bonzi b.,Hard,2023,10,6,6,3,24,18,0.5
borges n.,Clay,2021,1,1,1,0,3,2,0
borges n.,Clay,2023,3,5,2,2,7,13,0.6666666666666667
borges n.,Hard,2022,3,3,1,1,9,10,1
borges n.,Hard,2023,2,4,0,0,5,10,0.5
broady l.,Grass,2021,2,3,2,0,6,7,0
broady l.,Grass,2022,2,3,1,0,8,11,2
broady l.,Grass,2023,1,2,0,0,3,4,0
broady l.,Hard,2021,1,2,1,0,3,4,0
broady l.,Hard,2022,3,4,2,0,8,10,0.33333333333333337
broady l.,Hard,2023,1,1,0,0,2,3,1
brouwer g.,Clay,2022,2,1,2,0,4,2,0
brouwer g.,Clay,2023,3,2,3,0,6,4,0
brouwer g.,Hard,2022,1,1,1,0,4,3,0
brouwer g.,Hard,2023,2,2,1,0,4,5,0.5
bublik a.,Clay,2021,4,6,2,3,10,15,0.5
bublik a.,Clay,2022,2,5,0,3,8,12,0.5
bublik a.,Clay,2023,3,6,1,1,11,15,0.6666666666666666
bublik a.,Grass,2021,7,4,1,2,17,11,0.2857142857142857
bublik a.,Grass,2022,8,5,1,1,20,13,0.25
bublik a.,Grass,2023,5,1,4,0,10,4,0.4
bublik a.,Hard,2021,22,16,5,9,54,43,0.40909090909090906
bublik a.,Hard,2022,18,14,3,8,42,38,0.4444444444444444
bublik a.,Hard,2023,3,8,1,5,9,19,0.6666666666666666
cachin p.,Clay,2022,1,2,1,1,4,6,1
cachin p.,Clay,2023,8,10,2,4,23,24,0.375
cachin p.,Hard,2022,4,4,1,2,13,14,1.25
cachin p.,Hard,2023,1,5,0,2,2,11,0
carballes baena r.,Clay,2021,8,8,4,3,18,19,0.25
carballes baena r.,Clay,2022,7,9,2,2,19,22,0.42857142857142855
carballes baena r.,Clay,2023,10,9,5,3,26,25,0.6
carballes baena r.,Grass,2023,1,2,0,1,2,5,1
carballes baena r.,Hard,2021,3,5,2,0,9,14,0.6666666666666666
carballes baena r.,Hard,2022,4,8,3,2,12,20,0.5
carballes baena r.,Hard,2023,1,4,1,1,3,9,0
cecchinato m.,Clay,2021,13,13,8,3,36,32,0.38461538461538464
cecchinato m.,Clay,2022,4,6,2,0,10,16,0.75
cecchinato m.,Clay,2023,9,6,6,2,20,16,0.33333333333333337
cecchinato m.,Hard,2021,2,7,0,4,7,17,0.5
cecchinato m.,Hard,2023,1,1,1,0,2,2,0
cerundolo f.,Clay,2021,5,6,5,0,12,17,0.8
cerundolo f.,Clay,2022,14,7,9,2,29,22,0.5
cerundolo f.,Clay,2023,15,9,4,4,40,28,0.6
cerundolo f.,Grass,2022,1,3,0,1,5,7,0
cerundolo f.,Grass,2023,5,1,2,1,10,5,0.6
cerundolo f.,Hard,2022,6,10,3,4,17,24,0.5
cerundolo f.,Hard,2023,6,3,1,0,15,10,0.5
chardy j.,Clay,2021,4,6,2,0,9,16,0.75
chardy j.,Grass,2021,1,3,1,2,5,7,0
chardy j.,Hard,2021,11,8,10,1,26,25,0.6363636363636364
chardy j.,Hard,2023,1,1,1,0,3,4,1
coria f.,Clay,2021,12,8,5,5,26,23,0.5
coria f.,Clay,2022,12,12,6,5,28,33,0.6666666666666666
coria f.,Clay,2023,2,3,1,1,6,8,0.5
coria f.,Hard,2021,3,8,2,3,8,20,0.6666666666666666
coria f.,Hard,2022,2,5,1,0,6,12,0
coric b.,Clay,2022,3,4,3,0,10,11,0.6666666666666666
coric b.,Clay,2023,9,5,1,3,21,17,0.6666666666666667
coric b.,Hard,2021,6,3,0,3,14,7,0
coric b.,Hard,2022,13,7,9,2,30,21,0.46153846153846145
coric b.,Hard,2023,2,5,0,4,5,12,0.5
couacaud e.,Clay,2021,1,2,1,0,5,5,0
couacaud e.,Hard,2023,1,1,1,0,4,3,0
cressy m.,Clay,2022,1,5,1,1,5,11,0
cressy m.,Grass,2021,2,1,1,0,4,3,0.5
cressy m.,Grass,2022,9,4,5,2,23,14,0.5555555555555556
cressy m.,Grass,2023,1,3,0,1,3,6,0
cressy m.,Hard,2021,4,5,4,0,12,15,0.75
cressy m.,Hard,2022,16,17,7,7,41,43,0.5
cressy m.,Hard,2023,7,8,3,4,18,21,0.5714285714285714
daniel t.,Clay,2021,3,4,3,1,10,11,0.6666666666666666
daniel t.,Clay,2022,2,2,2,1,6,7,1
daniel t.,Clay,2023,1,2,1,0,5,5,0
daniel t.,Hard,2021,2,6,1,2,5,15,0.5
daniel t.,Hard,2022,10,14,7,1,27,32,0.2
daniel t.,Hard,2023,6,5,5,0,14,14,0.5
davidovich fokina a.,Clay,2021,13,5,5,0,32,18,0.5384615384615385
davidovich fokina a.,Clay,2022,11,8,4,4,27,21,0.36363636363636365
davidovich fokina a.,Clay,2023,8,6,1,1,19,15,0.25
davidovich fokina a.,Grass,2021,1,1,0,1,4,3,0
davidovich fokina a.,Grass,2022,3,2,3,1,9,8,1
davidovich fokina a.,Hard,2021,11,14,3,7,28,35,0.5454545454545454
davidovich fokina a.,Hard,2022,7,15,1,3,26,37,0.7142857142857143
davidovich fokina a.,Hard,2023,10,8,1,2,25,20,0.3
de minaur a.,Clay,2021,3,5,0,3,8,12,0.33333333333333337
de minaur a.,Clay,2022,7,6,1,2,18,17,0.5714285714285714
de minaur a.,Clay,2023,4,5,0,4,10,12,0.25
de minaur a.,Grass,2021,8,3,0,2,18,11,0.5
de minaur a.,Grass,2022,7,4,1,3,21,11,0.2857142857142857
de minaur a.,Grass,2023,5,2,1,1,11,6,0.4
de minaur a.,Hard,2021,11,14,2,11,31,32,0.18181818181818182
de minaur a.,Hard,2022,22,13,3,5,54,35,0.31818181818181823
de minaur a.,Hard,2023,11,5,2,4,27,15,0.36363636363636365
dellien h.,Clay,2021,1,2,1,0,3,5,1
dellien h.,Clay,2022,4,9,1,2,13,19,0
dellien h.,Clay,2023,5,7,3,0,12,17,0.4
dimitrov g.,Clay,2021,3,4,0,3,7,8,0
dimitrov g.,Clay,2022,9,5,3,1,22,14,0.33333333333333337
dimitrov g.,Clay,2023,10,5,0,1,24,14,0.3
dimitrov g.,Grass,2021,1,1,0,1,3,4,1
dimitrov g.,Grass,2022,1,1,1,1,2,3,1
dimitrov g.,Grass,2023,2,1,1,0,4,2,0
dimitrov g.,Hard,2021,18,11,6,6,43,30,0.3888888888888889
dimitrov g.,Hard,2022,15,14,3,11,36,35,0.33333333333333337
dimitrov g.,Hard,2023,7,4,2,1,17,11,0.2857142857142857
djere l.,Clay,2021,13,10,4,4,32,30,0.6923076923076923
djere l.,Clay,2022,10,10,1,5,26,23,0.2
djere l.,Clay,2023,6,8,2,2,16,18,0.16666666666666669
djere l.,Grass,2021,1,2,0,0,5,6,1
djere l.,Grass,2023,2,2,0,0,6,4,0
djere l.,Hard,2021,9,13,2,6,24,32,0.4444444444444444
djere l.,Hard,2022,8,11,2,2,20,29,0.625
djere l.,Hard,2023,5,5,3,2,12,14,0.6
djokovic n.,Clay,2021,17,3,0,3,42,13,0.411764705882353
djokovic n.,Clay,2022,14,4,0,4,36,12,0.2142857142857143
djokovic n.,Clay,2023,12,3,1,3,33,10,0.33333333333333337
djokovic n.,Grass,2021,7,0,0,0,21,2,0.2857142857142857
djokovic n.,Grass,2022,7,0,0,0,21,6,0.8571428571428571
djokovic n.,Hard,2021,20,2,0,2,54,19,0.7
djokovic n.,Hard,2022,19,2,6,2,39,6,0.10526315789473685
djokovic n.,Hard,2023,15,1,1,1,37,5,0.2
etcheverry t.,Clay,2021,1,1,1,0,3,2,0
etcheverry t.,Clay,2022,1,8,0,3,3,18,1
etcheverry t.,Clay,2023,16,9,8,2,40,23,0.25
etcheverry t.,Hard,2022,2,5,1,3,6,13,0.5
etcheverry t.,Hard,2023,2,4,0,1,7,10,0.5
eubanks c.,Clay,2023,1,2,0,0,3,5,0
eubanks c.,Grass,2022,1,1,1,0,2,2,0
eubanks c.,Grass,2023,5,2,2,0,11,7,0.6
eubanks c.,Hard,2021,1,4,1,0,4,9,0
eubanks c.,Hard,2022,3,5,3,1,8,13,0.6666666666666666
eubanks c.,Hard,2023,6,6,5,2,16,16,0.5
evans d.,Clay,2021,6,5,4,3,14,15,0.6666666666666666
evans d.,Clay,2022,4,7,1,5,10,16,0.25
evans d.,Clay,2023,5,6,1,5,13,14,0.2
evans d.,Grass,2021,4,2,0,1,11,5,0
evans d.,Grass,2022,1,3,0,2,2,7,0
evans d.,Hard,2021,13,15,2,11,38,39,0.5384615384615385
evans d.,Hard,2022,20,16,4,7,51,40,0.3
evans d.,Hard,2023,2,5,0,4,7,12,0.5
fils a.,Clay,2023,4,2,1,0,9,7,0.5
fils a.,Hard,2023,5,2,5,0,10,4,0
fritz t.,Clay,2021,2,4,1,2,7,9,0
fritz t.,Clay,2022,5,3,0,3,14,11,0.8
fritz t.,Clay,2023,11,6,1,4,28,17,0.36363636363636365
fritz t.,Grass,2021,2,1,0,0,7,6,1.5
fritz t.,Grass,2022,8,3,0,2,23,9,0.25
fritz t.,Grass,2023,2,3,0,3,4,6,0
fritz t.,Hard,2021,30,17,9,10,71,50,0.4666666666666666
fritz t.,Hard,2022,27,11,6,7,67,37,0.4814814814814815
fritz t.,Hard,2023,16,5,1,4,38,16,0.3125
fucsovics m.,Clay,2021,3,5,0,1,8,11,0
fucsovics m.,Clay,2022,4,3,2,0,11,8,0.25
fucsovics m.,Clay,2023,4,6,2,1,11,15,0.5
fucsovics m.,Grass,2021,4,3,3,1,12,12,1.25
fucsovics m.,Grass,2022,2,1,1,0,4,5,1
fucsovics m.,Grass,2023,3,1,3,0,6,4,0.6666666666666666
fucsovics m.,Hard,2021,18,15,10,5,47,44,0.6666666666666667
fucsovics m.,Hard,2022,6,12,3,5,20,28,0.33333333333333337
fucsovics m.,Hard,2023,7,4,5,0,19,14,0.7142857142857142
gasquet r.,Clay,2021,9,7,1,4,21,18,0.33333333333333337
gasquet r.,Clay,2022,9,7,3,2,22,17,0.2222222222222222
gasquet r.,Clay,2023,2,7,0,5,8,15,0
gasquet r.,Grass,2021,1,1,0,0,3,4,1
gasquet r.,Grass,2022,2,1,2,0,7,6,1.5
gasquet r.,Grass,2023,2,3,1,1,5,7,0.5
gasquet r.,Hard,2021,4,7,2,2,9,15,0
gasquet r.,Hard,2022,12,10,8,3,31,28,0.5833333333333333
gasquet r.,Hard,2023,8,6,3,4,18,19,0.75
giron m.,Clay,2021,2,4,2,1,8,11,1
giron m.,Clay,2022,2,7,2,2,7,16,0.5
giron m.,Clay,2023,7,6,2,2,19,16,0.42857142857142855
giron m.,Grass,2021,3,2,2,0,7,8,1
giron m.,Grass,2022,3,4,3,1,10,11,0.6666666666666666
giron m.,Hard,2021,16,13,8,2,38,34,0.375
giron m.,Hard,2022,12,17,5,9,29,40,0.33333333333333337
giron m.,Hard,2023,8,8,1,3,20,20,0.375
goffin d.,Clay,2021,5,4,1,4,11,10,0.2
goffin d.,Clay,2022,12,5,8,0,27,16,0.41666666666666663
goffin d.,Clay,2023,3,6,0,0,9,15,0.6666666666666666
goffin d.,Grass,2022,4,2,2,0,14,8,0.75
goffin d.,Hard,2021,9,9,1,9,22,24,0.4444444444444444
goffin d.,Hard,2022,7,17,2,9,21,38,0.2857142857142857
goffin d.,Hard,2023,3,2,1,2,7,4,0
gojo b.,Clay,2022,1,1,1,0,4,5,2
gojo b.,Hard,2022,1,2,1,0,3,5,1
griekspoor t.,Clay,2021,1,1,0,0,2,3,1
griekspoor t.,Clay,2022,4,6,3,3,13,15,0.5
griekspoor t.,Clay,2023,3,4,0,3,11,12,1
griekspoor t.,Grass,2022,5,4,2,1,13,11,0.39999999999999997
griekspoor t.,Grass,2023,7,1,2,0,15,6,0.5714285714285714
griekspoor t.,Hard,2021,3,3,3,0,9,11,1.3333333333333333
griekspoor t.,Hard,2022,5,12,4,5,18,28,0.4
griekspoor t.,Hard,2023,12,5,5,0,27,15,0.33333333333333337
halys q.,Clay,2023,4,4,2,1,13,10,0.25
halys q.,Grass,2022,2,3,2,0,8,8,0.5
halys q.,Hard,2022,1,7,1,3,6,15,0
halys q.,Hard,2023,8,9,4,3,19,21,0.25
harris l.,Clay,2021,2,3,2,1,6,8,0.5
harris l.,Clay,2022,2,5,1,3,6,11,0
harris l.,Grass,2021,4,4,1,1,9,9,0
harris l.,Grass,2023,3,2,3,0,7,4,0
harris l.,Hard,2021,22,14,9,4,56,42,0.5454545454545454
harris l.,Hard,2022,4,7,1,5,10,17,0.5
harris l.,Hard,2023,1,1,1,0,4,5,2
humbert u.,Clay,2021,1,6,0,4,4,14,1
humbert u.,Clay,2022,2,5,0,1,8,11,0
humbert u.,Clay,2023,1,5,0,2,5,11,0
humbert u.,Grass,2021,8,2,3,1,18,10,0.625
humbert u.,Grass,2022,3,5,2,1,11,15,1.3333333333333333
humbert u.,Grass,2023,1,2,0,2,3,4,0
humbert u.,Hard,2021,7,10,1,7,22,25,0.42857142857142855
humbert u.,Hard,2022,3,9,1,4,11,21,0.33333333333333337
humbert u.,Hard,2023,4,4,3,1,11,10,0.25
hurkacz h.,Clay,2021,1,3,0,3,5,8,1
hurkacz h.,Clay,2022,9,4,0,2,23,12,0.33333333333333337
hurkacz h.,Clay,2023,5,5,0,4,16,18,1.4
hurkacz h.,Grass,2021,5,3,2,2,16,9,0.4
hurkacz h.,Grass,2022,5,2,2,2,13,7,0.4
hurkacz h.,Grass,2023,3,2,0,2,8,6,0.6666666666666666
hurkacz h.,Hard,2021,29,15,5,9,70,38,0.20689655172413793
hurkacz h.,Hard,2022,24,14,3,11,57,40,0.41666666666666663
hurkacz h.,Hard,2023,12,5,0,4,30,20,0.75
isner j.,Clay,2021,5,2,2,0,14,7,0.4
isner j.,Clay,2022,7,4,0,1,19,14,0.7142857142857143
isner j.,Grass,2022,4,2,0,1,11,9,1
isner j.,Hard,2021,18,7,5,4,39,23,0.4444444444444444
isner j.,Hard,2022,11,9,3,5,29,25,0.5454545454545454
isner j.,Hard,2023,4,6,0,5,12,14,0.25
ivashka i.,Clay,2021,5,3,2,0,11,8,0.4
ivashka i.,Clay,2022,5,7,3,2,16,19,0.8
ivashka i.,Clay,2023,3,6,1,2,8,15,0.6666666666666666
ivashka i.,Grass,2021,5,4,4,1,14,11,0.4
ivashka i.,Grass,2022,4,3,0,0,8,8,0.5
ivashka i.,Hard,2021,19,8,8,3,44,21,0.15789473684210525
ivashka i.,Hard,2022,13,11,5,4,36,31,0.6153846153846154
ivashka i.,Hard,2023,2,6,0,1,7,13,0
jarry n.,Clay,2021,1,2,1,0,3,5,1
jarry n.,Clay,2022,2,5,1,0,6,11,0.5
jarry n.,Clay,2023,18,7,9,3,42,23,0.4444444444444444
jarry n.,Grass,2023,2,2,1,1,5,4,0
jarry n.,Hard,2022,1,3,0,0,3,7,0
jarry n.,Hard,2023,1,1,1,0,3,3,0
karatsev a.,Clay,2021,9,6,3,3,22,16,0.33333333333333337
karatsev a.,Clay,2022,5,9,1,6,15,22,0.6
karatsev a.,Clay,2023,7,4,6,0,18,12,0.42857142857142855
karatsev a.,Grass,2021,1,2,0,2,2,6,1
karatsev a.,Grass,2022,1,2,0,0,4,5,1
karatsev a.,Grass,2023,1,2,0,0,3,5,1
karatsev a.,Hard,2021,23,11,11,8,58,35,0.4782608695652174
karatsev a.,Hard,2022,10,18,0,12,33,43,0.5
karatsev a.,Hard,2023,3,4,0,1,7,9,0
kecmanovic m.,Clay,2021,5,8,1,3,14,20,0.6
kecmanovic m.,Clay,2022,13,8,3,4,33,19,0.15384615384615385
kecmanovic m.,Clay,2023,7,7,0,4,18,15,0
kecmanovic m.,Grass,2021,1,2,0,0,6,6,1
kecmanovic m.,Grass,2022,2,3,0,2,6,9,1
kecmanovic m.,Grass,2023,2,3,0,2,4,6,0
kecmanovic m.,Hard,2021,7,14,0,6,23,32,0.2857142857142857
kecmanovic m.,Hard,2022,21,12,11,2,49,36,0.4761904761904762
kecmanovic m.,Hard,2023,7,8,0,4,18,20,0.42857142857142855
koepfer d.,Clay,2021,8,9,3,3,21,25,0.75
koepfer d.,Grass,2021,2,3,1,1,8,9,1
koepfer d.,Hard,2021,9,11,4,3,23,29,0.5555555555555556
koepfer d.,Hard,2022,3,6,1,1,10,16,1
korda s.,Clay,2021,6,4,3,3,14,9,0
korda s.,Clay,2022,8,6,4,3,19,14,0.125
korda s.,Clay,2023,1,3,0,3,3,7,0
korda s.,Grass,2021,5,2,3,0,16,8,0.6
korda s.,Grass,2022,1,2,0,1,3,4,0
korda s.,Grass,2023,3,1,3,0,6,2,0
korda s.,Hard,2021,16,10,12,2,33,26,0.375
korda s.,Hard,2022,24,14,10,5,61,40,0.41666666666666663
korda s.,Hard,2023,7,1,4,0,19,5,0.42857142857142855
krajinovic f.,Clay,2021,10,9,1,4,24,24,0.5
krajinovic f.,Clay,2022,6,6,4,2,14,15,0.33333333333333337
krajinovic f.,Grass,2022,5,2,2,1,11,9,0.8
krajinovic f.,Hard,2021,8,12,0,4,22,29,0.375
krajinovic f.,Hard,2022,6,8,1,2,14,20,0.33333333333333337
krajinovic f.,Hard,2023,3,6,0,1,7,16,1
kubler j.,Clay,2022,1,1,1,0,3,3,0
kubler j.,Clay,2023,5,5,0,1,11,14,0.6
kubler j.,Grass,2022,6,2,4,0,15,8,0.5
kubler j.,Hard,2021,1,1,1,0,2,3,1
kubler j.,Hard,2022,3,4,3,0,8,11,0.6666666666666666
kubler j.,Hard,2023,3,5,3,1,10,11,0
kyrgios n.,Clay,2022,2,1,2,0,4,3,0.5
kyrgios n.,Grass,2021,2,0,1,0,6,2,1
kyrgios n.,Grass,2022,11,3,5,0,29,15,0.7272727272727273
kyrgios n.,Hard,2021,5,6,1,1,15,17,0.6
kyrgios n.,Hard,2022,23,6,14,1,56,19,0.21739130434782603
lajovic d.,Clay,2021,5,9,0,6,14,20,0.2
lajovic d.,Clay,2022,6,10,3,4,19,24,0.5
lajovic d.,Clay,2023,14,8,8,4,30,22,0.42857142857142855
lajovic d.,Grass,2021,1,2,0,1,3,7,2
lajovic d.,Hard,2021,11,14,2,9,31,36,0.5454545454545454
lajovic d.,Hard,2022,3,7,2,3,10,18,1
lajovic d.,Hard,2023,2,2,2,0,5,5,0
lehecka j.,Clay,2022,4,7,3,0,11,16,0.25
lehecka j.,Clay,2023,5,5,3,3,13,13,0.4
lehecka j.,Grass,2023,2,2,1,0,4,5,0.5
lehecka j.,Hard,2022,4,7,4,3,11,19,0.75
lehecka j.,Hard,2023,11,6,7,1,29,18,0.4545454545454545
lestienne c.,Grass,2023,1,1,0,1,2,3,1
lestienne c.,Hard,2022,6,4,4,0,12,10,0.33333333333333337
lestienne c.,Hard,2023,4,6,1,1,12,15,0.5
machac t.,Clay,2023,2,1,1,0,4,2,0
machac t.,Hard,2022,3,4,2,1,11,12,0.6666666666666666
mannarino a.,Clay,2022,1,3,1,1,3,7,0
mannarino a.,Clay,2023,1,4,0,2,3,9,0
mannarino a.,Grass,2021,3,3,0,2,6,7,0.33333333333333337
mannarino a.,Grass,2022,4,4,2,1,10,12,0.75
mannarino a.,Grass,2023,7,3,2,2,16,9,0.42857142857142855
mannarino a.,Hard,2021,9,13,2,6,23,32,0.4444444444444444
mannarino a.,Hard,2022,21,19,10,7,51,48,0.38095238095238093
mannarino a.,Hard,2023,10,7,5,4,23,20,0.5
marterer m.,Grass,2022,1,1,0,0,3,4,1
marterer m.,Hard,2023,2,2,2,1,4,5,0.5
mcdonald m.,Clay,2021,2,2,2,0,8,6,0.5
mcdonald m.,Clay,2022,3,4,1,1,10,11,0.6666666666666666
mcdonald m.,Grass,2022,3,4,0,2,10,10,0.33333333333333337
mcdonald m.,Grass,2023,5,3,3,2,12,7,0.2
mcdonald m.,Hard,2021,16,16,13,2,42,39,0.3125
mcdonald m.,Hard,2022,20,20,10,4,52,47,0.25
mcdonald m.,Hard,2023,12,8,6,2,27,21,0.33333333333333337
medvedev d.,Clay,2021,5,3,0,3,15,9,0.4
medvedev d.,Clay,2022,3,2,0,2,9,5,0
medvedev d.,Clay,2023,10,3,0,3,22,10,0.3
medvedev d.,Grass,2021,7,2,0,2,19,9,0.5714285714285714
medvedev d.,Grass,2022,8,3,0,3,16,7,0.125
medvedev d.,Grass,2023,2,2,0,2,5,5,0.5
medvedev d.,Hard,2021,37,7,1,5,90,26,0.29729729729729726
medvedev d.,Hard,2022,31,12,0,11,82,32,0.19354838709677424
medvedev d.,Hard,2023,28,3,3,1,58,13,0.21428571428571427
molcan a.,Clay,2021,5,2,3,0,11,6,0.39999999999999997
molcan a.,Clay,2022,13,6,6,2,31,18,0.38461538461538464
molcan a.,Clay,2023,7,6,1,2,17,17,0.5714285714285714
molcan a.,Grass,2022,3,3,2,2,9,8,0.33333333333333337
molcan a.,Hard,2021,2,3,1,0,6,10,1.5
molcan a.,Hard,2022,7,11,2,7,18,28,0.5714285714285714
molcan a.,Hard,2023,5,4,3,3,13,13,0.8
monteiro t.,Clay,2021,5,8,0,4,17,17,0
monteiro t.,Clay,2022,6,7,5,3,17,16,0.33333333333333337
monteiro t.,Clay,2023,5,8,2,1,17,21,0.8
monteiro t.,Grass,2022,1,2,0,0,2,6,1
monteiro t.,Hard,2021,8,6,2,1,18,16,0.25
monteiro t.,Hard,2022,6,9,3,2,16,23,0.5
monteiro t.,Hard,2023,1,4,1,2,3,9,0
moutet c.,Clay,2021,4,5,3,1,9,14,0.75
moutet c.,Clay,2022,2,2,1,1,5,6,0.5
moutet c.,Clay,2023,1,4,0,2,5,10,1
moutet c.,Grass,2021,1,3,1,1,2,7,0
moutet c.,Grass,2023,2,3,2,0,5,6,0
moutet c.,Hard,2021,6,4,4,0,17,13,0.5
moutet c.,Hard,2022,11,7,7,0,28,23,0.6363636363636364
moutet c.,Hard,2023,1,1,0,0,4,5,2
muller a.,Clay,2023,5,4,4,0,11,10,0.2
muller a.,Hard,2021,1,3,1,0,5,8,1
muller a.,Hard,2023,2,1,2,0,5,3,0.5
munar j.,Clay,2021,6,11,4,5,19,24,0.16666666666666669
munar j.,Clay,2022,9,9,3,1,25,22,0.33333333333333337
munar j.,Clay,2023,8,8,2,4,20,21,0.5
munar j.,Grass,2022,1,2,0,0,6,5,0
munar j.,Hard,2021,5,6,1,2,15,14,0.2
munar j.,Hard,2022,8,13,2,5,22,30,0.25
murray a.,Clay,2022,2,0,1,0,4,1,0.5
murray a.,Grass,2021,3,2,2,0,8,8,1
murray a.,Grass,2022,7,3,2,0,17,9,0.2857142857142857
murray a.,Hard,2021,12,12,9,0,28,30,0.41666666666666663
murray a.,Hard,2022,15,15,7,3,39,42,0.6666666666666666
murray a.,Hard,2023,8,5,3,2,19,20,1.125
musetti l.,Clay,2021,8,6,6,1,22,17,0.625
musetti l.,Clay,2022,14,6,11,1,31,18,0.3571428571428571
musetti l.,Clay,2023,12,9,4,5,29,22,0.25
musetti l.,Grass,2023,4,2,0,0,9,5,0.25
musetti l.,Hard,2021,11,11,7,2,28,29,0.5454545454545454
musetti l.,Hard,2022,17,15,5,10,43,40,0.4705882352941176
nakashima b.,Clay,2022,3,4,1,0,8,11,0.6666666666666667
nakashima b.,Clay,2023,3,3,0,1,9,8,0.33333333333333337
nakashima b.,Grass,2022,6,3,2,1,18,10,0.5
nakashima b.,Grass,2023,1,3,0,1,4,7,1
nakashima b.,Hard,2021,15,9,12,2,35,26,0.4666666666666667
nakashima b.,Hard,2022,21,16,5,3,50,37,0.14285714285714288
nakashima b.,Hard,2023,3,5,1,2,8,12,0.33333333333333337
nishioka y.,Clay,2021,6,5,3,2,13,15,0.6666666666666666
nishioka y.,Clay,2023,5,4,0,2,14,15,1.2
nishioka y.,Grass,2021,1,3,1,3,3,9,2
nishioka y.,Hard,2021,3,10,1,2,9,24,0.6666666666666666
nishioka y.,Hard,2022,19,14,10,1,43,39,0.4736842105263158
nishioka y.,Hard,2023,7,5,1,3,19,14,0.42857142857142855
norrie c.,Clay,2021,13,5,5,0,29,16,0.38461538461538464
norrie c.,Clay,2022,11,5,0,4,29,17,0.5454545454545454
norrie c.,Clay,2023,16,7,1,4,36,23,0.5
norrie c.,Grass,2021,6,2,3,0,16,7,0.33333333333333337
norrie c.,Grass,2022,6,3,0,2,19,11,0.6666666666666667
norrie c.,Grass,2023,2,1,0,1,4,3,0.5
norrie c.,Hard,2021,30,17,11,8,69,46,0.33333333333333337
norrie c.,Hard,2022,31,12,3,7,67,35,0.2903225806451613
norrie c.,Hard,2023,8,4,1,4,21,13,0.5
novak d.,Clay,2021,1,3,0,0,2,6,0
novak d.,Grass,2022,1,1,1,0,3,4,1
novak d.,Hard,2021,3,7,3,2,7,16,0.33333333333333337
o connell c.,Clay,2022,1,2,1,1,3,5,0
o connell c.,Clay,2023,7,6,4,2,16,17,0.5714285714285714
o connell c.,Grass,2023,2,2,2,1,4,4,0
o connell c.,Hard,2021,4,6,4,0,13,15,0.5
o connell c.,Hard,2022,4,8,4,0,17,20,0.5
o connell c.,Hard,2023,3,6,2,0,9,15,0.6666666666666666
ofner s.,Clay,2022,1,2,1,0,3,6,1
ofner s.,Clay,2023,3,2,2,0,10,7,0.6666666666666667
ofner s.,Grass,2021,1,2,1,0,3,4,0
otte o.,Clay,2022,6,5,2,3,15,12,0.16666666666666669
otte o.,Clay,2023,2,3,1,1,6,8,0.5
otte o.,Grass,2021,1,1,1,0,5,5,2
otte o.,Grass,2022,6,3,5,0,13,9,0.33333333333333337
otte o.,Hard,2021,3,1,3,0,10,5,0.6666666666666666
otte o.,Hard,2022,6,14,0,4,19,32,0.33333333333333337
otte o.,Hard,2023,2,5,1,1,6,12,0.5
paul t.,Clay,2021,6,6,1,1,15,16,0.5
paul t.,Clay,2022,1,6,0,4,5,13,0
paul t.,Clay,2023,2,5,0,4,7,12,0.5
paul t.,Grass,2022,7,4,2,1,19,12,0.42857142857142855
paul t.,Grass,2023,4,3,0,3,10,7,0.25
paul t.,Hard,2021,18,16,10,7,43,42,0.4444444444444444
paul t.,Hard,2022,26,16,8,6,62,46,0.4615384615384615
paul t.,Hard,2023,14,6,4,2,35,20,0.5
pella g.,Clay,2021,1,4,0,2,5,9,0
pella g.,Clay,2023,3,5,3,0,8,13,0.6666666666666667
pella g.,Grass,2023,1,1,1,0,3,3,1
pella g.,Hard,2021,4,6,4,1,10,16,0.5
pella g.,Hard,2023,2,3,2,0,5,9,1
peniston r.,Grass,2022,5,3,5,0,12,10,0.6
peniston r.,Grass,2023,1,2,1,0,2,4,0
popyrin a.,Clay,2021,4,5,3,2,10,13,0.5
popyrin a.,Clay,2023,6,6,3,0,17,14,0.16666666666666669
popyrin a.,Grass,2021,1,4,0,1,3,10,1
popyrin a.,Grass,2023,1,2,1,0,2,4,0
popyrin a.,Hard,2021,15,12,8,2,41,32,0.4
popyrin a.,Hard,2022,4,14,2,5,16,30,0
popyrin a.,Hard,2023,5,6,4,1,16,19,1.2
purcell m.,Clay,2023,2,3,0,1,7,9,1
purcell m.,Grass,2021,3,1,3,0,7,5,1
purcell m.,Grass,2022,1,2,1,0,5,6,1
purcell m.,Hard,2021,2,3,2,0,5,7,0
purcell m.,Hard,2022,1,1,1,0,2,3,1
ramos-vinolas a.,Clay,2021,17,10,3,7,40,30,0.5294117647058824
ramos-vinolas a.,Clay,2022,18,14,3,7,44,37,0.4444444444444445
ramos-vinolas a.,Clay,2023,6,11,0,8,19,28,0.8333333333333334
ramos-vinolas a.,Hard,2021,7,12,2,5,22,31,0.7142857142857143
ramos-vinolas a.,Hard,2022,5,11,2,6,16,25,0.2
raonic m.,Grass,2023,1,1,1,0,2,2,0
raonic m.,Hard,2021,6,4,0,3,18,11,0.33333333333333337
rinderknech a.,Clay,2021,10,7,7,1,23,19,0.4
rinderknech a.,Clay,2023,3,3,1,0,9,8,0.33333333333333337
rinderknech a.,Grass,2021,1,2,1,1,4,5,0
rinderknech a.,Grass,2022,1,2,1,0,4,6,1
rinderknech a.,Grass,2023,2,3,2,1,5,6,0
rinderknech a.,Hard,2021,6,7,5,2,18,20,0.8333333333333333
rinderknech a.,Hard,2022,19,12,12,5,41,37,0.631578947368421
rinderknech a.,Hard,2023,1,5,0,3,3,11,0
rublev a.,Clay,2021,9,5,1,4,22,16,0.5555555555555556
rublev a.,Clay,2022,13,6,1,5,33,21,0.6153846153846154
rublev a.,Clay,2023,14,4,0,4,34,14,0.3571428571428571
rublev a.,Grass,2021,7,2,0,2,19,8,0.42857142857142855
rublev a.,Grass,2023,4,1,0,1,9,4,0.5
rublev a.,Hard,2021,27,14,3,11,66,35,0.18518518518518523
rublev a.,Hard,2022,37,13,3,11,84,42,0.37837837837837834
rublev a.,Hard,2023,13,8,0,7,33,22,0.38461538461538464
rune h.,Clay,2021,4,7,4,0,12,15,0.25
rune h.,Clay,2022,13,10,7,5,34,24,0.23076923076923075
rune h.,Clay,2023,16,4,4,1,38,18,0.5625
rune h.,Grass,2023,3,1,0,1,6,2,0
rune h.,Hard,2021,2,4,2,1,7,10,0.5
rune h.,Hard,2022,22,11,10,3,51,31,0.3181818181818182
rune h.,Hard,2023,11,6,0,5,31,14,0.0909090909090909
ruud c.,Clay,2021,27,4,6,2,58,16,0.25925925925925924
ruud c.,Clay,2022,25,7,0,5,59,26,0.44
ruud c.,Clay,2023,17,6,0,4,42,19,0.3529411764705882
ruud c.,Grass,2021,2,2,0,1,6,5,0
ruud c.,Grass,2022,1,2,0,2,4,5,0
ruud c.,Hard,2021,22,10,1,5,49,31,0.4545454545454545
ruud c.,Hard,2022,20,11,1,9,50,32,0.45
ruud c.,Hard,2023,4,5,0,5,13,13,0.5
ruusuvuori e.,Clay,2021,1,4,0,4,4,10,1
ruusuvuori e.,Clay,2022,7,8,4,4,17,19,0.28571428571428575
ruusuvuori e.,Clay,2023,5,5,1,1,12,15,0.8
ruusuvuori e.,Grass,2021,1,2,1,1,4,5,0
ruusuvuori e.,Grass,2022,4,4,1,0,10,12,0.75
ruusuvuori e.,Grass,2023,3,3,2,1,7,8,0.6666666666666666
ruusuvuori e.,Hard,2021,17,16,9,3,42,43,0.5294117647058824
ruusuvuori e.,Hard,2022,21,16,6,5,52,38,0.19047619047619047
ruusuvuori e.,Hard,2023,8,9,4,4,20,21,0.25
safiullin r.,Clay,2021,1,1,1,0,3,4,1
safiullin r.,Clay,2022,1,0,1,0,2,0,0
safiullin r.,Clay,2023,4,3,4,0,9,7,0.25
safiullin r.,Grass,2023,1,2,0,1,2,4,0
safiullin r.,Hard,2021,1,3,1,1,6,7,0
safiullin r.,Hard,2022,6,4,6,0,14,12,0.5
safiullin r.,Hard,2023,1,5,1,2,4,11,0
schwartzman d.,Clay,2021,11,7,0,6,30,16,0.0909090909090909
schwartzman d.,Clay,2022,20,10,1,7,45,33,0.6
schwartzman d.,Clay,2023,4,10,2,7,12,23,0.5
schwartzman d.,Grass,2021,2,1,0,1,7,4,0.5
schwartzman d.,Grass,2022,1,3,0,3,5,7,0
schwartzman d.,Grass,2023,1,1,1,0,2,2,0
schwartzman d.,Hard,2021,21,11,1,9,52,32,0.38095238095238093
schwartzman d.,Hard,2022,6,10,0,8,16,26,0.6666666666666666
schwartzman d.,Hard,2023,3,3,0,1,7,8,0.33333333333333337
shapovalov d.,Clay,2021,7,6,0,5,18,13,0.14285714285714288
shapovalov d.,Clay,2022,4,4,1,3,10,11,0.5
shapovalov d.,Clay,2023,3,3,0,1,9,10,1
shapovalov d.,Grass,2021,8,3,1,2,20,12,0.625
shapovalov d.,Grass,2022,1,4,0,4,5,11,2
shapovalov d.,Grass,2023,1,2,0,1,3,4,0
shapovalov d.,Hard,2021,14,11,1,11,36,29,0.3571428571428571
shapovalov d.,Hard,2022,25,15,3,8,66,44,0.48
shapovalov d.,Hard,2023,6,7,0,3,17,19,0.6666666666666666
shelton b.,Clay,2023,2,7,0,4,9,15,0
shelton b.,Grass,2023,1,2,0,1,4,4,0
shelton b.,Hard,2022,3,3,3,0,9,8,0.33333333333333337
shelton b.,Hard,2023,6,6,2,2,20,17,0.6666666666666667
shevchenko a.,Clay,2023,5,4,3,0,13,10,0.2
sinner j.,Clay,2021,9,6,2,2,22,17,0.4444444444444444
sinner j.,Clay,2022,15,3,2,0,34,12,0.39999999999999997
sinner j.,Clay,2023,7,3,0,3,19,10,0.42857142857142855
sinner j.,Grass,2022,4,2,1,1,15,8,0.75
sinner j.,Grass,2023,3,1,0,1,6,4,0.6666666666666666
sinner j.,Hard,2021,36,14,7,10,82,41,0.3055555555555556
sinner j.,Hard,2022,21,7,0,3,53,28,0.5714285714285714
sinner j.,Hard,2023,21,5,4,1,48,16,0.23809523809523808
sonego l.,Clay,2021,5,4,3,2,11,12,0.6
sonego l.,Clay,2022,8,11,0,6,25,24,0.125
sonego l.,Clay,2023,7,5,4,2,18,16,0.7142857142857143
sonego l.,Grass,2021,6,3,0,1,16,9,0.33333333333333337
sonego l.,Grass,2022,5,4,0,1,14,12,0.6
sonego l.,Grass,2023,2,3,1,2,5,7,0.5
sonego l.,Hard,2021,16,15,1,8,42,36,0.25
sonego l.,Hard,2022,11,13,5,7,33,30,0.18181818181818177
sonego l.,Hard,2023,8,8,5,1,21,19,0.25
stricker d.,Clay,2021,2,2,2,0,5,4,0
stricker d.,Clay,2022,1,1,1,0,3,3,1
stricker d.,Grass,2021,2,1,2,0,5,2,0
stricker d.,Grass,2022,1,1,1,0,2,3,1
stricker d.,Hard,2022,2,2,2,0,5,4,0
thiem d.,Clay,2021,4,4,0,4,11,11,0.5
thiem d.,Clay,2022,7,9,6,1,17,23,0.5714285714285714
thiem d.,Clay,2023,6,8,4,2,16,19,0.33333333333333337
thiem d.,Hard,2021,4,3,0,3,12,10,0.75
thiem d.,Hard,2022,10,7,9,0,23,21,0.6
thompson j.,Clay,2021,2,5,2,3,5,13,1
thompson j.,Clay,2022,1,4,0,0,4,9,0
thompson j.,Grass,2021,8,5,4,2,19,15,0.5
thompson j.,Grass,2022,1,3,0,1,3,7,0
thompson j.,Grass,2023,6,3,2,1,15,7,0.16666666666666666
thompson j.,Hard,2021,10,10,1,6,25,28,0.7
thompson j.,Hard,2022,8,10,4,3,23,27,0.625
thompson j.,Hard,2023,3,6,1,2,9,14,0.33333333333333337
tiafoe f.,Clay,2021,3,5,0,4,10,12,0.33333333333333337
tiafoe f.,Clay,2022,8,6,1,4,19,17,0.625
tiafoe f.,Clay,2023,8,4,0,4,21,11,0.25
tiafoe f.,Grass,2021,4,3,2,1,10,8,0.25
tiafoe f.,Grass,2022,3,3,0,3,13,8,0.33333333333333337
tiafoe f.,Grass,2023,5,1,0,1,10,4,0.4
tiafoe f.,Hard,2021,24,15,12,8,62,43,0.45833333333333337
tiafoe f.,Hard,2022,23,14,5,7,60,39,0.39130434782608703
tiafoe f.,Hard,2023,10,5,1,3,24,13,0.2
tsitsipas s.,Clay,2021,22,5,1,2,55,15,0.1818181818181818
tsitsipas s.,Clay,2022,17,4,2,2,40,18,0.5294117647058825
tsitsipas s.,Clay,2023,16,5,0,2,37,15,0.25
tsitsipas s.,Grass,2022,8,3,0,3,20,11,0.5
tsitsipas s.,Grass,2023,1,3,0,3,4,7,1
tsitsipas s.,Hard,2021,27,11,1,10,68,40,0.5925925925925926
tsitsipas s.,Hard,2022,32,15,1,14,75,44,0.375
tsitsipas s.,Hard,2023,8,4,0,4,23,13,0.5
van assche l.,Clay,2023,3,4,2,0,8,11,0.6666666666666666
van assche l.,Grass,2023,1,1,0,0,3,3,1
van de zandschulp b.,Clay,2021,1,1,1,0,5,5,2
van de zandschulp b.,Clay,2022,9,6,4,4,21,17,0.4444444444444444
van de zandschulp b.,Clay,2023,4,6,1,4,11,14,0.25
van de zandschulp b.,Grass,2021,1,1,1,0,3,4,1
van de zandschulp b.,Grass,2022,6,4,1,2,17,12,0.5
van de zandschulp b.,Hard,2021,13,8,9,1,33,27,0.6923076923076923
van de zandschulp b.,Hard,2022,17,17,3,8,41,42,0.3529411764705882
van de zandschulp b.,Hard,2023,9,6,2,4,21,18,0.5555555555555556
vesely j.,Clay,2021,3,5,0,3,8,11,0
vesely j.,Grass,2021,2,1,0,0,5,2,0
vesely j.,Grass,2022,3,1,2,0,8,5,0.6666666666666667
vesely j.,Hard,2021,5,7,1,3,17,19,0.6
vesely j.,Hard,2022,5,7,4,2,12,17,0.2
vukic a.,Grass,2023,1,1,1,0,2,3,1
vukic a.,Hard,2021,2,3,1,0,5,7,0
vukic a.,Hard,2022,6,5,5,0,16,14,0.5
vukic a.,Hard,2023,1,4,1,1,5,10,1
watanuki y.,Clay,2022,2,0,2,0,4,1,0.5
watanuki y.,Clay,2023,1,2,1,1,3,4,0
watanuki y.,Grass,2023,1,1,0,0,3,2,0
watanuki y.,Hard,2021,1,1,1,0,2,3,1
watanuki y.,Hard,2023,2,2,1,0,6,5,0
wawrinka s.,Clay,2022,2,4,2,0,6,11,1
wawrinka s.,Clay,2023,4,5,4,2,12,15,1
wawrinka s.,Grass,2022,1,2,1,0,3,6,1
wawrinka s.,Hard,2021,3,3,0,3,10,9,0.6666666666666666
wawrinka s.,Hard,2022,5,6,5,0,15,15,0.6
wawrinka s.,Hard,2023,7,4,5,1,16,13,0.5714285714285714
wolf j.j.,Clay,2022,1,1,1,1,2,2,0
wolf j.j.,Clay,2023,5,5,1,2,12,11,0
wolf j.j.,Grass,2023,2,2,1,0,5,5,0.5
wolf j.j.,Hard,2022,14,12,11,2,33,31,0.42857142857142855
wolf j.j.,Hard,2023,9,7,4,4,25,17,0.2222222222222222
wu y.,Clay,2023,3,4,1,1,7,11,0.6666666666666666
wu y.,Grass,2023,1,3,1,1,4,6,0
wu y.,Hard,2022,2,1,2,0,6,5,1
wu y.,Hard,2023,7,3,6,0,16,11,0.5714285714285714
ymer m.,Clay,2021,6,6,4,2,17,18,0.8333333333333333
ymer m.,Clay,2022,2,4,2,2,7,10,0.5
ymer m.,Clay,2023,1,1,0,0,2,3,0
ymer m.,Grass,2021,1,2,1,0,4,7,2
ymer m.,Grass,2022,1,1,1,0,4,3,0
ymer m.,Grass,2023,2,3,1,1,7,7,0.5
ymer m.,Hard,2021,10,10,6,1,24,28,0.6
ymer m.,Hard,2022,18,13,14,5,42,36,0.4444444444444444
ymer m.,Hard,2023,4,8,2,3,10,19,0.5
zapata miralles b.,Clay,2021,2,3,1,0,5,9,1
zapata miralles b.,Clay,2022,6,8,4,2,16,21,0.6666666666666667
zapata miralles b.,Clay,2023,15,9,7,3,35,27,0.5333333333333333
zapata miralles b.,Hard,2021,2,5,2,2,6,13,1
zapata miralles b.,Hard,2022,3,7,2,0,8,15,0
zverev a.,Clay,2021,14,4,2,2,36,13,0.28571428571428575
zverev a.,Clay,2022,14,4,0,4,34,14,0.42857142857142855
zverev a.,Clay,2023,12,6,1,1,30,18,0.41666666666666663
zverev a.,Grass,2021,4,2,0,2,14,7,0.5
zverev a.,Grass,2023,3,1,0,1,6,2,0
zverev a.,Hard,2021,31,7,4,3,76,23,0.22580645161290322
zverev a.,Hard,2022,10,4,0,4,25,11,0.2
zverev a.,Hard,2023,7,6,0,4,19,17,0.5714285714285714
